count,word,category,length,checking length,T/F,repeat,Freq_SUBTLEXUS_Zipf
1,alarm,Artificial,5,5,TRUE,alarm,4.474534045
2,album,Artificial,5,5,TRUE,album,4.010335831
3,arrow,Artificial,5,5,TRUE,arrow,3.894978515
4,attic,Artificial,5,5,TRUE,attic,3.894978515
5,badge,Artificial,5,5,TRUE,badge,4.1833716
6,bench,Artificial,5,5,TRUE,bench,3.985561091
7,blade,Artificial,5,5,TRUE,blade,4.114002222
8,block,Artificial,5,5,TRUE,block,4.607384677
9,board,Artificial,5,5,TRUE,board,4.806780147
10,booth,Artificial,5,5,TRUE,booth,4.308867481
11,brace,Artificial,5,5,TRUE,brace,3.79698412
12,brick,Artificial,5,5,TRUE,brick,4.007837486
13,broom,Artificial,5,5,TRUE,broom,3.679223968
14,cabin,Artificial,5,5,TRUE,cabin,4.293135075
15,cable,Artificial,5,5,TRUE,cable,4.336765688
16,chain,Artificial,5,5,TRUE,chain,4.326462599
17,chair,Artificial,5,5,TRUE,chair,4.691853777
18,chalk,Artificial,5,5,TRUE,chalk,3.556651965
19,chime,Artificial,5,5,TRUE,chime,2.97307538
20,clamp,Artificial,5,5,TRUE,clamp,3.837141259
21,cloak,Artificial,5,5,TRUE,cloak,3.479354863
22,clock,Artificial,5,5,TRUE,clock,4.767650555
23,cloth,Artificial,5,5,TRUE,cloth,3.785988736
24,couch,Artificial,5,5,TRUE,couch,4.37029096
25,crane,Artificial,5,5,TRUE,crane,4.526098267
26,crate,Artificial,5,5,TRUE,crate,3.614053437
27,crown,Artificial,5,5,TRUE,crown,4.136311318
28,diner,Artificial,5,5,TRUE,diner,4.093237852
29,drill,Artificial,5,5,TRUE,drill,4.138171254
30,drink,Artificial,5,5,TRUE,drink,5.392824665
31,drone,Artificial,5,5,TRUE,drone,3.453202144
32,dryer,Artificial,5,5,TRUE,dryer,3.657322127
33,email,Artificial,5,5,TRUE,email,3.32121792
34,fence,Artificial,5,5,TRUE,fence,4.205647995
35,flask,Artificial,5,5,TRUE,flask,3.055262136
36,floor,Artificial,5,5,TRUE,floor,5.002205406
37,frame,Artificial,5,5,TRUE,frame,4.149166639
38,glass,Artificial,5,5,TRUE,glass,4.782775348
39,glove,Artificial,5,5,TRUE,glove,4.004483844
40,grill,Artificial,5,5,TRUE,grill,3.649768989
41,hinge,Artificial,5,5,TRUE,hinge,2.768955397
42,hotel,Artificial,5,5,TRUE,hotel,5.013232518
43,house,Artificial,5,5,TRUE,house,5.710384004
44,jeans,Artificial,5,5,TRUE,jeans,3.820750842
45,knife,Artificial,5,5,TRUE,knife,4.669868465
46,laser,Artificial,5,5,TRUE,laser,3.929323872
47,latch,Artificial,5,5,TRUE,latch,3.287469337
48,leash,Artificial,5,5,TRUE,leash,3.634256823
49,linen,Artificial,5,5,TRUE,linen,3.467925401
50,lodge,Artificial,5,5,TRUE,lodge,3.825860248
51,money,Artificial,5,5,TRUE,money,5.80611619
52,motel,Artificial,5,5,TRUE,motel,4.259382118
53,motor,Artificial,5,5,TRUE,motor,4.119203415
54,paint,Artificial,5,5,TRUE,paint,4.56552973
55,panel,Artificial,5,5,TRUE,panel,3.863542974
56,pants,Artificial,5,5,TRUE,pants,4.768520885
57,paper,Artificial,5,5,TRUE,paper,5.013809544
58,penny,Artificial,5,5,TRUE,penny,4.385255827
59,phone,Artificial,5,5,TRUE,phone,5.430357879
60,piano,Artificial,5,5,TRUE,piano,4.395295764
61,plank,Artificial,5,5,TRUE,plank,3.313023441
62,plate,Artificial,5,5,TRUE,plate,4.408773789
63,plier,Artificial,5,5,TRUE,plier,
64,pouch,Artificial,5,5,TRUE,pouch,3.236316814
65,quilt,Artificial,5,5,TRUE,quilt,2.893894133
66,radio,Artificial,5,5,TRUE,radio,4.886999557
67,razor,Artificial,5,5,TRUE,razor,3.838376806
68,robot,Artificial,5,5,TRUE,robot,4.085624527
69,round,Artificial,5,5,TRUE,round,4.82254598
70,ruler,Artificial,5,5,TRUE,ruler,3.504021747
71,satin,Artificial,5,5,TRUE,satin,3.418938941
72,scale,Artificial,5,5,TRUE,scale,3.978470411
73,scarf,Artificial,5,5,TRUE,scarf,3.672045384
74,shack,Artificial,5,5,TRUE,shack,3.752731985
75,shawl,Artificial,5,5,TRUE,shawl,3.143092491
76,sheet,Artificial,5,5,TRUE,sheet,4.064888836
77,shelf,Artificial,5,5,TRUE,shelf,3.84328414
78,shirt,Artificial,5,5,TRUE,shirt,4.665848882
79,skirt,Artificial,5,5,TRUE,skirt,3.998551924
80,spool,Artificial,5,5,TRUE,spool,2.723197906
81,spoon,Artificial,5,5,TRUE,spoon,3.881783743
82,stair,Artificial,5,5,TRUE,stair,3.136932182
83,stamp,Artificial,5,5,TRUE,stamp,3.773276771
84,stool,Artificial,5,5,TRUE,stool,3.547106647
85,stove,Artificial,5,5,TRUE,stove,3.880665868
86,strap,Artificial,5,5,TRUE,strap,3.713438069
87,strip,Artificial,5,5,TRUE,strip,4.195466658
88,sword,Artificial,5,5,TRUE,sword,4.4176406
89,table,Artificial,5,5,TRUE,table,5.023261729
90,torch,Artificial,5,5,TRUE,torch,3.698374323
91,towel,Artificial,5,5,TRUE,towel,4.150972439
92,track,Artificial,5,5,TRUE,track,4.745763734
93,train,Artificial,5,5,TRUE,train,4.977486326
94,truck,Artificial,5,5,TRUE,truck,4.862026703
95,valve,Artificial,5,5,TRUE,valve,3.686285823
96,vault,Artificial,5,5,TRUE,vault,4.080709258
97,villa,Artificial,5,5,TRUE,villa,3.64401666
98,watch,Artificial,5,5,TRUE,watch,5.517969865
99,wheel,Artificial,5,5,TRUE,wheel,4.432027821
100,whisk,Artificial,5,5,TRUE,whisk,2.768955397
1,abacus,Artificial,6,6,TRUE,abacus,2.405777494
2,bangle,Artificial,6,6,TRUE,bangle,2.069985393
3,banner,Artificial,6,6,TRUE,banner,3.773276771
4,barrel,Artificial,6,6,TRUE,barrel,4.026633972
5,basket,Artificial,6,6,TRUE,basket,4.119849206
6,blazer,Artificial,6,6,TRUE,blazer,3.091174692
7,blinds,Artificial,6,6,TRUE,blinds,3.333226827
8,blouse,Artificial,6,6,TRUE,blouse,3.727996789
9,bottle,Artificial,6,6,TRUE,bottle,4.704966193
10,bridge,Artificial,6,6,TRUE,bridge,4.659562688
11,brooch,Artificial,6,6,TRUE,brooch,3.124343055
12,bucket,Artificial,6,6,TRUE,bucket,4.001104103
13,bumper,Artificial,6,6,TRUE,bumper,3.55190553
14,bunker,Artificial,6,6,TRUE,bunker,3.672045384
15,burner,Artificial,6,6,TRUE,burner,3.264961996
16,button,Artificial,6,6,TRUE,button,4.450799403
17,camera,Artificial,6,6,TRUE,camera,4.755428544
18,candle,Artificial,6,6,TRUE,candle,3.904617999
19,canvas,Artificial,6,6,TRUE,canvas,3.628293876
20,carpet,Artificial,6,6,TRUE,carpet,4.066351108
21,casket,Artificial,6,6,TRUE,casket,3.504021747
22,castle,Artificial,6,6,TRUE,castle,4.333226827
23,cellar,Artificial,6,6,TRUE,cellar,3.972169656
24,cement,Artificial,6,6,TRUE,cement,3.662902004
25,chapel,Artificial,6,6,TRUE,chapel,3.901428551
26,church,Artificial,6,6,TRUE,church,4.842551566
27,circus,Artificial,6,6,TRUE,circus,4.231852297
28,closet,Artificial,6,6,TRUE,closet,4.432342185
29,copper,Artificial,6,6,TRUE,copper,3.819464043
30,course,Artificial,6,6,TRUE,course,5.687143058
31,cradle,Artificial,6,6,TRUE,cradle,3.456186998
32,crayon,Artificial,6,6,TRUE,crayon,2.634256823
33,dagger,Artificial,6,6,TRUE,dagger,3.693234683
34,docket,Artificial,6,6,TRUE,docket,3.084225832
35,dollar,Artificial,6,6,TRUE,dollar,4.441361156
36,drawer,Artificial,6,6,TRUE,drawer,4.114002222
37,engine,Artificial,6,6,TRUE,engine,4.503221695
38,fabric,Artificial,6,6,TRUE,fabric,3.682769249
39,faucet,Artificial,6,6,TRUE,faucet,3.161065862
40,filter,Artificial,6,6,TRUE,filter,3.504021747
41,folder,Artificial,6,6,TRUE,folder,3.216113428
42,fridge,Artificial,6,6,TRUE,fridge,3.993402127
43,gadget,Artificial,6,6,TRUE,gadget,3.388744155
44,gasket,Artificial,6,6,TRUE,gasket,2.835902186
45,goblet,Artificial,6,6,TRUE,goblet,2.592864138
46,guitar,Artificial,6,6,TRUE,guitar,4.19274721
47,gurney,Artificial,6,6,TRUE,gurney,3.399044112
48,hammer,Artificial,6,6,TRUE,hammer,4.095973574
49,hanger,Artificial,6,6,TRUE,hanger,3.136932182
50,heater,Artificial,6,6,TRUE,heater,3.437962178
51,helmet,Artificial,6,6,TRUE,helmet,3.976679504
52,jacket,Artificial,6,6,TRUE,jacket,4.523558525
53,keypad,Artificial,6,6,TRUE,keypad,2.738992173
54,ladder,Artificial,6,6,TRUE,ladder,3.966695283
55,laptop,Artificial,6,6,TRUE,laptop,3.542254144
56,letter,Artificial,6,6,TRUE,letter,4.916528673
57,locker,Artificial,6,6,TRUE,locker,4.203524301
58,locket,Artificial,6,6,TRUE,locket,3.236316814
59,mallet,Artificial,6,6,TRUE,mallet,2.848136643
60,marker,Artificial,6,6,TRUE,marker,3.719968936
61,market,Artificial,6,6,TRUE,market,4.558771053
62,mirror,Artificial,6,6,TRUE,mirror,4.383149302
63,mitten,Artificial,6,6,TRUE,mitten,2.672045384
64,mosaic,Artificial,6,6,TRUE,mosaic,2.672045384
65,mosque,Artificial,6,6,TRUE,mosque,3.077163977
66,napkin,Artificial,6,6,TRUE,napkin,3.559005871
67,needle,Artificial,6,6,TRUE,needle,4.076451435
68,office,Artificial,6,6,TRUE,office,5.308867481
69,paddle,Artificial,6,6,TRUE,paddle,3.575135371
70,palace,Artificial,6,6,TRUE,palace,4.283060218
71,pallet,Artificial,6,6,TRUE,pallet,2.634256823
72,pantry,Artificial,6,6,TRUE,pantry,3.246076652
73,pencil,Artificial,6,6,TRUE,pencil,3.994264679
74,pillow,Artificial,6,6,TRUE,pillow,4.056757127
75,pistol,Artificial,6,6,TRUE,pistol,4.002797261
76,piston,Artificial,6,6,TRUE,piston,3.077163977
77,poster,Artificial,6,6,TRUE,poster,3.777555569
78,prison,Artificial,6,6,TRUE,prison,4.819335153
79,pulley,Artificial,6,6,TRUE,pulley,2.653561978
80,ribbon,Artificial,6,6,TRUE,ribbon,3.705133906
81,rocket,Artificial,6,6,TRUE,rocket,4.073589517
82,saloon,Artificial,6,6,TRUE,saloon,3.711789891
83,sandal,Artificial,6,6,TRUE,sandal,2.371015388
84,screen,Artificial,6,6,TRUE,screen,4.368838469
85,sensor,Artificial,6,6,TRUE,sensor,3.356292131
86,shorts,Artificial,6,6,TRUE,shorts,3.973979219
87,shovel,Artificial,6,6,TRUE,shovel,3.835902186
88,shrine,Artificial,6,6,TRUE,shrine,3.47367773
89,socket,Artificial,6,6,TRUE,socket,3.210912235
90,staple,Artificial,6,6,TRUE,staple,3.055262136
91,string,Artificial,6,6,TRUE,string,4.102738423
92,switch,Artificial,6,6,TRUE,switch,4.448686043
93,ticket,Artificial,6,6,TRUE,ticket,4.658257099
94,tissue,Artificial,6,6,TRUE,tissue,4.030614701
95,toilet,Artificial,6,6,TRUE,toilet,4.460626162
96,tunnel,Artificial,6,6,TRUE,tunnel,4.25230492
97,velvet,Artificial,6,6,TRUE,velvet,3.798339175
98,wallet,Artificial,6,6,TRUE,wallet,4.357787122
99,window,Artificial,6,6,TRUE,window,4.934001777
100,wrench,Artificial,6,6,TRUE,wrench,3.59933018
1,acorn,Natural,5,5,TRUE,acorn,2.871617739
2,algae,Natural,5,5,TRUE,algae,2.653561978
3,amber,Natural,5,5,TRUE,amber,3.967612484
4,anise,Natural,5,5,TRUE,anise,1.893894133
5,apple,Natural,5,5,TRUE,apple,4.373901076
6,basil,Natural,5,5,TRUE,basil,3.136932182
7,beach,Natural,5,5,TRUE,beach,4.752581684
8,berry,Natural,5,5,TRUE,berry,3.544687173
9,bison,Natural,5,5,TRUE,bison,2.547106647
10,bloom,Natural,5,5,TRUE,bloom,3.74208325
11,brook,Natural,5,5,TRUE,brook,3.313023441
12,camel,Natural,5,5,TRUE,camel,3.701767265
13,cedar,Natural,5,5,TRUE,cedar,3.399044112
14,cliff,Natural,5,5,TRUE,cliff,4.333621461
15,cloud,Natural,5,5,TRUE,cloud,4.069985393
16,cobra,Natural,5,5,TRUE,cobra,3.524830253
17,cocoa,Natural,5,5,TRUE,cocoa,3.701767265
18,coral,Natural,5,5,TRUE,coral,3.378193973
19,creek,Natural,5,5,TRUE,creek,3.949845539
20,daisy,Natural,5,5,TRUE,daisy,4.130683233
21,eagle,Natural,5,5,TRUE,eagle,4.060472243
22,earth,Natural,5,5,TRUE,earth,4.997270189
23,ficus,Natural,5,5,TRUE,ficus,
24,finch,Natural,5,5,TRUE,finch,3.605701363
25,flint,Natural,5,5,TRUE,flint,3.640139005
26,flood,Natural,5,5,TRUE,flood,3.757216994
27,frost,Natural,5,5,TRUE,frost,3.682769249
28,fruit,Natural,5,5,TRUE,fruit,4.336765688
29,geode,Natural,5,5,TRUE,geode,1.893894133
30,goose,Natural,5,5,TRUE,goose,4.115308371
31,gorge,Natural,5,5,TRUE,gorge,3.124343055
32,gourd,Natural,5,5,TRUE,gourd,2.689774151
33,grape,Natural,5,5,TRUE,grape,3.603588003
34,grass,Natural,5,5,TRUE,grass,4.224814964
35,guava,Natural,5,5,TRUE,guava,2.437962178
36,heron,Natural,5,5,TRUE,heron,2.467925401
37,honey,Natural,5,5,TRUE,honey,5.477262963
38,horse,Natural,5,5,TRUE,horse,4.967429199
39,hound,Natural,5,5,TRUE,hound,3.703453848
40,hyena,Natural,5,5,TRUE,hyena,3.155157002
41,koala,Natural,5,5,TRUE,koala,2.79698412
42,lakes,Natural,5,5,TRUE,lakes,3.317140007
43,lemon,Natural,5,5,TRUE,lemon,4.080002513
44,lemur,Natural,5,5,TRUE,lemur,2.291834142
45,lilac,Natural,5,5,TRUE,lilac,2.893894133
46,llama,Natural,5,5,TRUE,llama,3.155157002
47,lotus,Natural,5,5,TRUE,lotus,3.313023441
48,magma,Natural,5,5,TRUE,magma,2.570587743
49,mango,Natural,5,5,TRUE,mango,3.221253068
50,marsh,Natural,5,5,TRUE,marsh,3.547106647
51,melon,Natural,5,5,TRUE,melon,3.632278257
52,moose,Natural,5,5,TRUE,moose,3.743620578
53,mouse,Natural,5,5,TRUE,mouse,4.28128396
54,ocean,Natural,5,5,TRUE,ocean,4.481043632
55,olive,Natural,5,5,TRUE,olive,3.867021987
56,onion,Natural,5,5,TRUE,onion,3.628293876
57,otter,Natural,5,5,TRUE,otter,3.136932182
58,panda,Natural,5,5,TRUE,panda,3.32926064
59,peach,Natural,5,5,TRUE,peach,3.803717503
60,pearl,Natural,5,5,TRUE,pearl,4.194924129
61,pecan,Natural,5,5,TRUE,pecan,2.982030222
62,plant,Natural,5,5,TRUE,plant,4.440745135
63,poppy,Natural,5,5,TRUE,poppy,3.59933018
64,prune,Natural,5,5,TRUE,prune,3.172647734
65,puppy,Natural,5,5,TRUE,puppy,4.058990008
66,quail,Natural,5,5,TRUE,quail,3.130683233
67,raven,Natural,5,5,TRUE,raven,3.495954125
68,ridge,Natural,5,5,TRUE,ridge,3.850542713
69,river,Natural,5,5,TRUE,river,4.743620578
70,robin,Natural,5,5,TRUE,robin,4.396662546
71,shale,Natural,5,5,TRUE,shale,2.291834142
72,shark,Natural,5,5,TRUE,shark,4.175495577
73,sheep,Natural,5,5,TRUE,sheep,4.128158258
74,shrub,Natural,5,5,TRUE,shrub,2.467925401
75,skunk,Natural,5,5,TRUE,skunk,3.514550613
76,sleet,Natural,5,5,TRUE,sleet,2.823313059
77,sloth,Natural,5,5,TRUE,sloth,3.166895406
78,snail,Natural,5,5,TRUE,snail,3.250875534
79,snake,Natural,5,5,TRUE,snake,4.349119787
80,spore,Natural,5,5,TRUE,spore,2.194924129
81,sprig,Natural,5,5,TRUE,sprig,2.405777494
82,squid,Natural,5,5,TRUE,squid,3.444122487
83,stone,Natural,5,5,TRUE,stone,4.608433444
84,stork,Natural,5,5,TRUE,stork,3.216113428
85,storm,Natural,5,5,TRUE,storm,4.4891147
86,sugar,Natural,5,5,TRUE,sugar,4.576715857
87,swamp,Natural,5,5,TRUE,swamp,3.953646828
88,swine,Natural,5,5,TRUE,swine,3.647859999
89,thorn,Natural,5,5,TRUE,thorn,3.708474649
90,thyme,Natural,5,5,TRUE,thyme,2.333226827
91,tiger,Natural,5,5,TRUE,tiger,4.267725279
92,trees,Natural,5,5,TRUE,trees,4.4866259
93,trout,Natural,5,5,TRUE,trout,3.605701363
94,tulip,Natural,5,5,TRUE,tulip,2.904617999
95,venom,Natural,5,5,TRUE,venom,3.371015388
96,vines,Natural,5,5,TRUE,vines,3.200319161
97,viper,Natural,5,5,TRUE,viper,3.405777494
98,water,Natural,5,5,TRUE,water,5.351738198
99,whale,Natural,5,5,TRUE,whale,4.051501987
100,zebra,Natural,5,5,TRUE,zebra,3.402423852
1,almond,Natural,6,6,TRUE,almond,3.047708998
2,alpaca,Natural,6,6,TRUE,alpaca,2.333226827
3,baboon,Natural,6,6,TRUE,baboon,3.236316814
4,badger,Natural,6,6,TRUE,badger,3.246076652
5,bamboo,Natural,6,6,TRUE,bamboo,3.200319161
6,banana,Natural,6,6,TRUE,banana,4.030614701
7,barley,Natural,6,6,TRUE,barley,2.963932
8,beaver,Natural,6,6,TRUE,beaver,3.684531095
9,beetle,Natural,6,6,TRUE,beetle,3.317140007
10,breeze,Natural,6,6,TRUE,breeze,3.905675964
11,cactus,Natural,6,6,TRUE,cactus,3.465020411
12,canary,Natural,6,6,TRUE,canary,3.467925401
13,canyon,Natural,6,6,TRUE,canyon,3.914048165
14,carrot,Natural,6,6,TRUE,carrot,3.584090214
15,cashew,Natural,6,6,TRUE,cashew,2.371015388
16,cattle,Natural,6,6,TRUE,cattle,4.121137915
17,celery,Natural,6,6,TRUE,celery,3.274105375
18,cherry,Natural,6,6,TRUE,cherry,4.133193613
19,citrus,Natural,6,6,TRUE,citrus,2.723197906
20,clover,Natural,6,6,TRUE,clover,3.124343055
21,cougar,Natural,6,6,TRUE,cougar,3.304671367
22,coyote,Natural,6,6,TRUE,coyote,3.561347086
23,crater,Natural,6,6,TRUE,crater,3.415685783
24,desert,Natural,6,6,TRUE,desert,4.44656235
25,donkey,Natural,6,6,TRUE,donkey,3.729584705
26,durian,Natural,6,6,TRUE,durian,2.194924129
27,falcon,Natural,6,6,TRUE,falcon,3.522283064
28,fennel,Natural,6,6,TRUE,fennel,2.893894133
29,ferret,Natural,6,6,TRUE,ferret,3.216113428
30,flower,Natural,6,6,TRUE,flower,4.35704027
31,forest,Natural,6,6,TRUE,forest,4.275911176
32,fungus,Natural,6,6,TRUE,fungus,3.344912586
33,garlic,Natural,6,6,TRUE,garlic,3.778972518
34,geyser,Natural,6,6,TRUE,geyser,2.371015388
35,gibbon,Natural,6,6,TRUE,gibbon,2.405777494
36,ginger,Natural,6,6,TRUE,ginger,3.807707986
37,gopher,Natural,6,6,TRUE,gopher,3.155157002
38,gravel,Natural,6,6,TRUE,gravel,3.161065862
39,hornet,Natural,6,6,TRUE,hornet,3.130683233
40,icicle,Natural,6,6,TRUE,icicle,2.495954125
41,iguana,Natural,6,6,TRUE,iguana,2.904617999
42,insect,Natural,6,6,TRUE,insect,3.501349157
43,island,Natural,6,6,TRUE,island,4.596970461
44,jackal,Natural,6,6,TRUE,jackal,3.205647995
45,jaguar,Natural,6,6,TRUE,jaguar,3.378193973
46,jungle,Natural,6,6,TRUE,jungle,4.353286621
47,kitten,Natural,6,6,TRUE,kitten,3.675649508
48,lagoon,Natural,6,6,TRUE,lagoon,3.205647995
49,lentil,Natural,6,6,TRUE,lentil,2.371015388
50,lizard,Natural,6,6,TRUE,lizard,3.686285823
51,lychee,Natural,6,6,TRUE,lychee,1.592864138
52,maggot,Natural,6,6,TRUE,maggot,3.205647995
53,magpie,Natural,6,6,TRUE,magpie,2.689774151
54,mantis,Natural,6,6,TRUE,mantis,2.672045384
55,meadow,Natural,6,6,TRUE,meadow,3.360020004
56,monkey,Natural,6,6,TRUE,monkey,4.524830253
57,nebula,Natural,6,6,TRUE,nebula,3.172647734
58,nectar,Natural,6,6,TRUE,nectar,2.97307538
59,orange,Natural,6,6,TRUE,orange,4.348357866
60,orchid,Natural,6,6,TRUE,orchid,3.337157121
61,osprey,Natural,6,6,TRUE,osprey,1.592864138
62,oyster,Natural,6,6,TRUE,oyster,3.487733795
63,papaya,Natural,6,6,TRUE,papaya,3.047708998
64,parrot,Natural,6,6,TRUE,parrot,3.517143424
65,peanut,Natural,6,6,TRUE,peanut,4.091863501
66,pebble,Natural,6,6,TRUE,pebble,3.111378078
67,pepper,Natural,6,6,TRUE,pepper,3.945046656
68,pigeon,Natural,6,6,TRUE,pigeon,3.771841085
69,planet,Natural,6,6,TRUE,planet,4.587621082
70,plasma,Natural,6,6,TRUE,plasma,3.698374323
71,pollen,Natural,6,6,TRUE,pollen,3.091174692
72,poodle,Natural,6,6,TRUE,poodle,3.456186998
73,possum,Natural,6,6,TRUE,possum,3.317140007
74,potato,Natural,6,6,TRUE,potato,4.053009955
75,puffin,Natural,6,6,TRUE,puffin,2.246076652
76,python,Natural,6,6,TRUE,python,3.194924129
77,quinoa,Natural,6,6,TRUE,quinoa,1.592864138
78,rabbit,Natural,6,6,TRUE,rabbit,4.320811847
79,radish,Natural,6,6,TRUE,radish,2.79698412
80,raisin,Natural,6,6,TRUE,raisin,3.216113428
81,salmon,Natural,6,6,TRUE,salmon,3.816878949
82,shrimp,Natural,6,6,TRUE,shrimp,3.940194153
83,spider,Natural,6,6,TRUE,spider,4.004483844
84,sprout,Natural,6,6,TRUE,sprout,2.963932
85,spruce,Natural,6,6,TRUE,spruce,3.047708998
86,squash,Natural,6,6,TRUE,squash,3.64208216
87,stream,Natural,6,6,TRUE,stream,3.905675964
88,sunset,Natural,6,6,TRUE,sunset,4.013644757
89,tomato,Natural,6,6,TRUE,tomato,3.771841085
90,toucan,Natural,6,6,TRUE,toucan,1.990804146
91,tundra,Natural,6,6,TRUE,tundra,2.467925401
92,turkey,Natural,6,6,TRUE,turkey,4.354039951
93,turnip,Natural,6,6,TRUE,turnip,3.241224149
94,turtle,Natural,6,6,TRUE,turtle,4.231353395
95,valley,Natural,6,6,TRUE,valley,4.397684817
96,violet,Natural,6,6,TRUE,violet,3.905675964
97,walnut,Natural,6,6,TRUE,walnut,3.296155516
98,walrus,Natural,6,6,TRUE,walrus,3.055262136
99,weasel,Natural,6,6,TRUE,weasel,3.691507864
100,wombat,Natural,6,6,TRUE,wombat,2.495954125
1,abong,Pseudoword,5,5,TRUE,abong,0
2,abour,Pseudoword,5,5,TRUE,abour,0
3,aftan,Pseudoword,5,5,TRUE,aftan,0
4,afted,Pseudoword,5,5,TRUE,afted,0
5,aftep,Pseudoword,5,5,TRUE,aftep,0
6,aftes,Pseudoword,5,5,TRUE,aftes,0
7,aftld,Pseudoword,5,5,TRUE,aftld,0
8,aftre,Pseudoword,5,5,TRUE,aftre,0
9,agage,Pseudoword,5,5,TRUE,agage,0
10,aleal,Pseudoword,5,5,TRUE,aleal,0
11,alond,Pseudoword,5,5,TRUE,alond,0
12,amach,Pseudoword,5,5,TRUE,amach,0
13,apers,Pseudoword,5,5,TRUE,apers,0
14,awnor,Pseudoword,5,5,TRUE,awnor,0
15,batit,Pseudoword,5,5,TRUE,batit,0
16,beang,Pseudoword,5,5,TRUE,beang,0
17,bease,Pseudoword,5,5,TRUE,bease,0
18,beeal,Pseudoword,5,5,TRUE,beeal,0
19,bevey,Pseudoword,5,5,TRUE,bevey,0
20,bexer,Pseudoword,5,5,TRUE,bexer,0
21,blace,Pseudoword,5,5,TRUE,blace,0
22,blild,Pseudoword,5,5,TRUE,blild,0
23,bocan,Pseudoword,5,5,TRUE,bocan,0
24,boiod,Pseudoword,5,5,TRUE,boiod,0
25,borte,Pseudoword,5,5,TRUE,borte,0
26,breil,Pseudoword,5,5,TRUE,breil,0
27,brout,Pseudoword,5,5,TRUE,brout,0
28,caker,Pseudoword,5,5,TRUE,caker,0
29,carty,Pseudoword,5,5,TRUE,carty,0
30,catow,Pseudoword,5,5,TRUE,catow,0
31,ching,Pseudoword,5,5,TRUE,ching,0
32,chrll,Pseudoword,5,5,TRUE,chrll,0
33,clday,Pseudoword,5,5,TRUE,clday,0
34,coily,Pseudoword,5,5,TRUE,coily,0
35,coind,Pseudoword,5,5,TRUE,coind,0
36,coose,Pseudoword,5,5,TRUE,coose,0
37,crary,Pseudoword,5,5,TRUE,crary,0
38,crull,Pseudoword,5,5,TRUE,crull,0
39,cycat,Pseudoword,5,5,TRUE,cycat,0
40,deing,Pseudoword,5,5,TRUE,deing,0
41,diges,Pseudoword,5,5,TRUE,diges,0
42,dould,Pseudoword,5,5,TRUE,dould,0
43,doule,Pseudoword,5,5,TRUE,doule,0
44,drack,Pseudoword,5,5,TRUE,drack,0
45,drald,Pseudoword,5,5,TRUE,drald,0
46,dreak,Pseudoword,5,5,TRUE,dreak,0
47,ender,Pseudoword,5,5,TRUE,ender,0
48,eveir,Pseudoword,5,5,TRUE,eveir,0
49,evety,Pseudoword,5,5,TRUE,evety,0
50,fabow,Pseudoword,5,5,TRUE,fabow,0
51,faser,Pseudoword,5,5,TRUE,faser,0
52,feves,Pseudoword,5,5,TRUE,feves,0
53,filey,Pseudoword,5,5,TRUE,filey,0
54,finst,Pseudoword,5,5,TRUE,finst,0
55,focas,Pseudoword,5,5,TRUE,focas,0
56,foich,Pseudoword,5,5,TRUE,foich,0
57,foner,Pseudoword,5,5,TRUE,foner,0
58,forse,Pseudoword,5,5,TRUE,forse,0
59,foung,Pseudoword,5,5,TRUE,foung,0
60,foxty,Pseudoword,5,5,TRUE,foxty,0
61,glops,Pseudoword,5,5,TRUE,glops,0
62,gould,Pseudoword,5,5,TRUE,gould,0
63,greid,Pseudoword,5,5,TRUE,greid,0
64,grems,Pseudoword,5,5,TRUE,grems,0
65,grese,Pseudoword,5,5,TRUE,grese,0
66,grome,Pseudoword,5,5,TRUE,grome,0
67,grose,Pseudoword,5,5,TRUE,grose,0
68,gulan,Pseudoword,5,5,TRUE,gulan,0
69,gumer,Pseudoword,5,5,TRUE,gumer,0
70,harse,Pseudoword,5,5,TRUE,harse,0
71,imill,Pseudoword,5,5,TRUE,imill,0
72,jumed,Pseudoword,5,5,TRUE,jumed,0
73,kiste,Pseudoword,5,5,TRUE,kiste,0
74,lappt,Pseudoword,5,5,TRUE,lappt,0
75,larll,Pseudoword,5,5,TRUE,larll,0
76,laype,Pseudoword,5,5,TRUE,laype,0
77,leves,Pseudoword,5,5,TRUE,leves,0
78,liser,Pseudoword,5,5,TRUE,liser,0
79,litrs,Pseudoword,5,5,TRUE,litrs,0
80,lyice,Pseudoword,5,5,TRUE,lyice,0
81,maght,Pseudoword,5,5,TRUE,maght,0
82,masut,Pseudoword,5,5,TRUE,masut,0
83,mirdy,Pseudoword,5,5,TRUE,mirdy,0
84,mives,Pseudoword,5,5,TRUE,mives,0
85,moind,Pseudoword,5,5,TRUE,moind,0
86,muery,Pseudoword,5,5,TRUE,muery,0
87,muins,Pseudoword,5,5,TRUE,muins,0
88,narmy,Pseudoword,5,5,TRUE,narmy,0
89,neady,Pseudoword,5,5,TRUE,neady,0
90,nease,Pseudoword,5,5,TRUE,nease,0
91,nigal,Pseudoword,5,5,TRUE,nigal,0
92,ninds,Pseudoword,5,5,TRUE,ninds,0
93,nirst,Pseudoword,5,5,TRUE,nirst,0
94,noice,Pseudoword,5,5,TRUE,noice,0
95,nouth,Pseudoword,5,5,TRUE,nouth,0
96,ofter,Pseudoword,5,5,TRUE,ofter,0
97,oftes,Pseudoword,5,5,TRUE,oftes,0
98,oreks,Pseudoword,5,5,TRUE,oreks,0
99,orout,Pseudoword,5,5,TRUE,orout,0
100,otads,Pseudoword,5,5,TRUE,otads,0
101,otees,Pseudoword,5,5,TRUE,otees,0
102,otite,Pseudoword,5,5,TRUE,otite,0
103,pacan,Pseudoword,5,5,TRUE,pacan,0
104,pahee,Pseudoword,5,5,TRUE,pahee,0
105,pauly,Pseudoword,5,5,TRUE,pauly,0
106,paval,Pseudoword,5,5,TRUE,paval,0
107,paxer,Pseudoword,5,5,TRUE,paxer,0
108,peald,Pseudoword,5,5,TRUE,peald,0
109,phing,Pseudoword,5,5,TRUE,phing,0
110,plare,Pseudoword,5,5,TRUE,plare,0
111,ploks,Pseudoword,5,5,TRUE,ploks,0
112,plybs,Pseudoword,5,5,TRUE,plybs,0
113,pocte,Pseudoword,5,5,TRUE,pocte,0
114,poods,Pseudoword,5,5,TRUE,poods,0
115,poust,Pseudoword,5,5,TRUE,poust,0
116,poves,Pseudoword,5,5,TRUE,poves,0
117,prere,Pseudoword,5,5,TRUE,prere,0
118,proue,Pseudoword,5,5,TRUE,proue,0
119,punds,Pseudoword,5,5,TRUE,punds,0
120,quich,Pseudoword,5,5,TRUE,quich,0
121,quten,Pseudoword,5,5,TRUE,quten,0
122,raral,Pseudoword,5,5,TRUE,raral,0
123,raran,Pseudoword,5,5,TRUE,raran,0
124,rarel,Pseudoword,5,5,TRUE,rarel,0
125,rater,Pseudoword,5,5,TRUE,rater,0
126,roned,Pseudoword,5,5,TRUE,roned,0
127,sater,Pseudoword,5,5,TRUE,sater,0
128,scrte,Pseudoword,5,5,TRUE,scrte,0
129,sctry,Pseudoword,5,5,TRUE,sctry,0
130,shord,Pseudoword,5,5,TRUE,shord,0
131,sirve,Pseudoword,5,5,TRUE,sirve,0
132,siver,Pseudoword,5,5,TRUE,siver,0
133,sivir,Pseudoword,5,5,TRUE,sivir,0
134,spald,Pseudoword,5,5,TRUE,spald,0
135,spasy,Pseudoword,5,5,TRUE,spasy,0
136,spere,Pseudoword,5,5,TRUE,spere,0
137,spses,Pseudoword,5,5,TRUE,spses,0
138,stach,Pseudoword,5,5,TRUE,stach,0
139,sthed,Pseudoword,5,5,TRUE,sthed,0
140,sthen,Pseudoword,5,5,TRUE,sthen,0
141,sthep,Pseudoword,5,5,TRUE,sthep,0
142,sther,Pseudoword,5,5,TRUE,sther,0
143,stoan,Pseudoword,5,5,TRUE,stoan,0
144,stond,Pseudoword,5,5,TRUE,stond,0
145,stost,Pseudoword,5,5,TRUE,stost,0
146,stowy,Pseudoword,5,5,TRUE,stowy,0
147,swams,Pseudoword,5,5,TRUE,swams,0
148,taked,Pseudoword,5,5,TRUE,taked,0
149,teean,Pseudoword,5,5,TRUE,teean,0
150,thair,Pseudoword,5,5,TRUE,thair,0
151,thaks,Pseudoword,5,5,TRUE,thaks,0
152,thear,Pseudoword,5,5,TRUE,thear,0
153,thery,Pseudoword,5,5,TRUE,thery,0
154,thien,Pseudoword,5,5,TRUE,thien,0
155,thier,Pseudoword,5,5,TRUE,thier,0
156,thill,Pseudoword,5,5,TRUE,thill,0
157,thint,Pseudoword,5,5,TRUE,thint,0
158,thips,Pseudoword,5,5,TRUE,thips,0
159,thira,Pseudoword,5,5,TRUE,thira,0
160,thise,Pseudoword,5,5,TRUE,thise,0
161,thity,Pseudoword,5,5,TRUE,thity,0
162,thont,Pseudoword,5,5,TRUE,thont,0
163,thout,Pseudoword,5,5,TRUE,thout,0
164,thove,Pseudoword,5,5,TRUE,thove,0
165,tirst,Pseudoword,5,5,TRUE,tirst,0
166,tisll,Pseudoword,5,5,TRUE,tisll,0
167,tiver,Pseudoword,5,5,TRUE,tiver,0
168,tocan,Pseudoword,5,5,TRUE,tocan,0
169,toray,Pseudoword,5,5,TRUE,toray,0
170,trers,Pseudoword,5,5,TRUE,trers,0
171,trich,Pseudoword,5,5,TRUE,trich,0
172,tusip,Pseudoword,5,5,TRUE,tusip,0
173,unery,Pseudoword,5,5,TRUE,unery,0
174,unoss,Pseudoword,5,5,TRUE,unoss,0
175,usser,Pseudoword,5,5,TRUE,usser,0
176,vight,Pseudoword,5,5,TRUE,vight,0
177,warce,Pseudoword,5,5,TRUE,warce,0
178,warld,Pseudoword,5,5,TRUE,warld,0
179,wheil,Pseudoword,5,5,TRUE,wheil,0
180,whein,Pseudoword,5,5,TRUE,whein,0
181,wheir,Pseudoword,5,5,TRUE,wheir,0
182,whels,Pseudoword,5,5,TRUE,whels,0
183,whint,Pseudoword,5,5,TRUE,whint,0
184,whith,Pseudoword,5,5,TRUE,whith,0
185,whows,Pseudoword,5,5,TRUE,whows,0
186,woder,Pseudoword,5,5,TRUE,woder,0
187,woing,Pseudoword,5,5,TRUE,woing,0
188,wonck,Pseudoword,5,5,TRUE,wonck,0
189,wores,Pseudoword,5,5,TRUE,wores,0
190,worge,Pseudoword,5,5,TRUE,worge,0
191,woull,Pseudoword,5,5,TRUE,woull,0
192,wouse,Pseudoword,5,5,TRUE,wouse,0
193,woust,Pseudoword,5,5,TRUE,woust,0
194,wover,Pseudoword,5,5,TRUE,wover,0
195,woybe,Pseudoword,5,5,TRUE,woybe,0
196,wrine,Pseudoword,5,5,TRUE,wrine,0
197,wrore,Pseudoword,5,5,TRUE,wrore,0
198,yegal,Pseudoword,5,5,TRUE,yegal,0
199,yeild,Pseudoword,5,5,TRUE,yeild,0
200,yolld,Pseudoword,5,5,TRUE,yolld,0
1,achind,Pseudoword,6,6,TRUE,achind,0
2,addeng,Pseudoword,6,6,TRUE,addeng,0
3,aended,Pseudoword,6,6,TRUE,aended,0
4,agroly,Pseudoword,6,6,TRUE,agroly,0
5,alaght,Pseudoword,6,6,TRUE,alaght,0
6,alanks,Pseudoword,6,6,TRUE,alanks,0
7,aloper,Pseudoword,6,6,TRUE,aloper,0
8,alouer,Pseudoword,6,6,TRUE,alouer,0
9,alwair,Pseudoword,6,6,TRUE,alwair,0
10,ampins,Pseudoword,6,6,TRUE,ampins,0
11,aneade,Pseudoword,6,6,TRUE,aneade,0
12,anined,Pseudoword,6,6,TRUE,anined,0
13,ansuge,Pseudoword,6,6,TRUE,ansuge,0
14,avedly,Pseudoword,6,6,TRUE,avedly,0
15,barery,Pseudoword,6,6,TRUE,barery,0
16,bauagh,Pseudoword,6,6,TRUE,bauagh,0
17,beally,Pseudoword,6,6,TRUE,beally,0
18,beaned,Pseudoword,6,6,TRUE,beaned,0
19,becort,Pseudoword,6,6,TRUE,becort,0
20,befele,Pseudoword,6,6,TRUE,befele,0
21,befety,Pseudoword,6,6,TRUE,befety,0
22,benger,Pseudoword,6,6,TRUE,benger,0
23,bondle,Pseudoword,6,6,TRUE,bondle,0
24,bounem,Pseudoword,6,6,TRUE,bounem,0
25,brgiay,Pseudoword,6,6,TRUE,brgiay,0
26,burngs,Pseudoword,6,6,TRUE,burngs,0
27,caddon,Pseudoword,6,6,TRUE,caddon,0
28,cargel,Pseudoword,6,6,TRUE,cargel,0
29,cassth,Pseudoword,6,6,TRUE,cassth,0
30,celier,Pseudoword,6,6,TRUE,celier,0
31,ceopld,Pseudoword,6,6,TRUE,ceopld,0
32,ceoure,Pseudoword,6,6,TRUE,ceoure,0
33,chisor,Pseudoword,6,6,TRUE,chisor,0
34,clmays,Pseudoword,6,6,TRUE,clmays,0
35,coeely,Pseudoword,6,6,TRUE,coeely,0
36,comare,Pseudoword,6,6,TRUE,comare,0
37,coouge,Pseudoword,6,6,TRUE,coouge,0
38,corgen,Pseudoword,6,6,TRUE,corgen,0
39,coturd,Pseudoword,6,6,TRUE,coturd,0
40,counly,Pseudoword,6,6,TRUE,counly,0
41,dakerd,Pseudoword,6,6,TRUE,dakerd,0
42,deazer,Pseudoword,6,6,TRUE,deazer,0
43,deetlt,Pseudoword,6,6,TRUE,deetlt,0
44,dikies,Pseudoword,6,6,TRUE,dikies,0
45,diseer,Pseudoword,6,6,TRUE,diseer,0
46,doilen,Pseudoword,6,6,TRUE,doilen,0
47,durers,Pseudoword,6,6,TRUE,durers,0
48,durmol,Pseudoword,6,6,TRUE,durmol,0
49,dutice,Pseudoword,6,6,TRUE,dutice,0
50,eavier,Pseudoword,6,6,TRUE,eavier,0
51,effoss,Pseudoword,6,6,TRUE,effoss,0
52,elways,Pseudoword,6,6,TRUE,elways,0
53,emapis,Pseudoword,6,6,TRUE,emapis,0
54,enired,Pseudoword,6,6,TRUE,enired,0
55,enlere,Pseudoword,6,6,TRUE,enlere,0
56,enount,Pseudoword,6,6,TRUE,enount,0
57,enrmal,Pseudoword,6,6,TRUE,enrmal,0
58,enthts,Pseudoword,6,6,TRUE,enthts,0
59,entint,Pseudoword,6,6,TRUE,entint,0
60,equrse,Pseudoword,6,6,TRUE,equrse,0
61,erinds,Pseudoword,6,6,TRUE,erinds,0
62,eumery,Pseudoword,6,6,TRUE,eumery,0
63,evemon,Pseudoword,6,6,TRUE,evemon,0
64,exyice,Pseudoword,6,6,TRUE,exyice,0
65,fandal,Pseudoword,6,6,TRUE,fandal,0
66,farint,Pseudoword,6,6,TRUE,farint,0
67,fatind,Pseudoword,6,6,TRUE,fatind,0
68,favich,Pseudoword,6,6,TRUE,favich,0
69,fefons,Pseudoword,6,6,TRUE,fefons,0
70,fesend,Pseudoword,6,6,TRUE,fesend,0
71,figrst,Pseudoword,6,6,TRUE,figrst,0
72,flmele,Pseudoword,6,6,TRUE,flmele,0
73,fontty,Pseudoword,6,6,TRUE,fontty,0
74,foolil,Pseudoword,6,6,TRUE,foolil,0
75,frceng,Pseudoword,6,6,TRUE,frceng,0
76,frourt,Pseudoword,6,6,TRUE,frourt,0
77,fuptle,Pseudoword,6,6,TRUE,fuptle,0
78,fusied,Pseudoword,6,6,TRUE,fusied,0
79,ganner,Pseudoword,6,6,TRUE,ganner,0
80,garele,Pseudoword,6,6,TRUE,garele,0
81,gathed,Pseudoword,6,6,TRUE,gathed,0
82,geeter,Pseudoword,6,6,TRUE,geeter,0
83,gelele,Pseudoword,6,6,TRUE,gelele,0
84,geouge,Pseudoword,6,6,TRUE,geouge,0
85,glwing,Pseudoword,6,6,TRUE,glwing,0
86,grount,Pseudoword,6,6,TRUE,grount,0
87,groupt,Pseudoword,6,6,TRUE,groupt,0
88,hecore,Pseudoword,6,6,TRUE,hecore,0
89,hentty,Pseudoword,6,6,TRUE,hentty,0
90,hernce,Pseudoword,6,6,TRUE,hernce,0
91,homber,Pseudoword,6,6,TRUE,homber,0
92,hotied,Pseudoword,6,6,TRUE,hotied,0
93,hurent,Pseudoword,6,6,TRUE,hurent,0
94,huring,Pseudoword,6,6,TRUE,huring,0
95,inally,Pseudoword,6,6,TRUE,inally,0
96,inemed,Pseudoword,6,6,TRUE,inemed,0
97,iniore,Pseudoword,6,6,TRUE,iniore,0
98,insunt,Pseudoword,6,6,TRUE,insunt,0
99,itangs,Pseudoword,6,6,TRUE,itangs,0
100,itarsy,Pseudoword,6,6,TRUE,itarsy,0
101,jodert,Pseudoword,6,6,TRUE,jodert,0
102,jufede,Pseudoword,6,6,TRUE,jufede,0
103,kigain,Pseudoword,6,6,TRUE,kigain,0
104,learse,Pseudoword,6,6,TRUE,learse,0
105,lidele,Pseudoword,6,6,TRUE,lidele,0
106,lietld,Pseudoword,6,6,TRUE,lietld,0
107,lithed,Pseudoword,6,6,TRUE,lithed,0
108,lithes,Pseudoword,6,6,TRUE,lithes,0
109,loawey,Pseudoword,6,6,TRUE,loawey,0
110,lonton,Pseudoword,6,6,TRUE,lonton,0
111,lusaid,Pseudoword,6,6,TRUE,lusaid,0
112,mamand,Pseudoword,6,6,TRUE,mamand,0
113,manase,Pseudoword,6,6,TRUE,manase,0
114,meales,Pseudoword,6,6,TRUE,meales,0
115,meople,Pseudoword,6,6,TRUE,meople,0
116,mistly,Pseudoword,6,6,TRUE,mistly,0
117,mitual,Pseudoword,6,6,TRUE,mitual,0
118,mocach,Pseudoword,6,6,TRUE,mocach,0
119,moinet,Pseudoword,6,6,TRUE,moinet,0
120,momple,Pseudoword,6,6,TRUE,momple,0
121,moning,Pseudoword,6,6,TRUE,moning,0
122,monion,Pseudoword,6,6,TRUE,monion,0
123,moster,Pseudoword,6,6,TRUE,moster,0
124,mottes,Pseudoword,6,6,TRUE,mottes,0
125,mousth,Pseudoword,6,6,TRUE,mousth,0
126,moveng,Pseudoword,6,6,TRUE,moveng,0
127,murays,Pseudoword,6,6,TRUE,murays,0
128,neaser,Pseudoword,6,6,TRUE,neaser,0
129,padngs,Pseudoword,6,6,TRUE,padngs,0
130,peanet,Pseudoword,6,6,TRUE,peanet,0
131,pefond,Pseudoword,6,6,TRUE,pefond,0
132,pemace,Pseudoword,6,6,TRUE,pemace,0
133,perins,Pseudoword,6,6,TRUE,perins,0
134,plowed,Pseudoword,6,6,TRUE,plowed,0
135,poring,Pseudoword,6,6,TRUE,poring,0
136,porngs,Pseudoword,6,6,TRUE,porngs,0
137,potups,Pseudoword,6,6,TRUE,potups,0
138,prarce,Pseudoword,6,6,TRUE,prarce,0
139,prouls,Pseudoword,6,6,TRUE,prouls,0
140,proung,Pseudoword,6,6,TRUE,proung,0
141,pugnde,Pseudoword,6,6,TRUE,pugnde,0
142,pumics,Pseudoword,6,6,TRUE,pumics,0
143,raipim,Pseudoword,6,6,TRUE,raipim,0
144,rallle,Pseudoword,6,6,TRUE,rallle,0
145,ramoth,Pseudoword,6,6,TRUE,ramoth,0
146,raster,Pseudoword,6,6,TRUE,raster,0
147,reanty,Pseudoword,6,6,TRUE,reanty,0
148,rernol,Pseudoword,6,6,TRUE,rernol,0
149,rigugs,Pseudoword,6,6,TRUE,rigugs,0
150,ruince,Pseudoword,6,6,TRUE,ruince,0
151,rurore,Pseudoword,6,6,TRUE,rurore,0
152,ruyger,Pseudoword,6,6,TRUE,ruyger,0
153,sablly,Pseudoword,6,6,TRUE,sablly,0
154,scance,Pseudoword,6,6,TRUE,scance,0
155,schald,Pseudoword,6,6,TRUE,schald,0
156,scheer,Pseudoword,6,6,TRUE,scheer,0
157,scrars,Pseudoword,6,6,TRUE,scrars,0
158,secrst,Pseudoword,6,6,TRUE,secrst,0
159,seonca,Pseudoword,6,6,TRUE,seonca,0
160,seturt,Pseudoword,6,6,TRUE,seturt,0
161,shedin,Pseudoword,6,6,TRUE,shedin,0
162,shoker,Pseudoword,6,6,TRUE,shoker,0
163,shoket,Pseudoword,6,6,TRUE,shoket,0
164,sinngh,Pseudoword,6,6,TRUE,sinngh,0
165,sithef,Pseudoword,6,6,TRUE,sithef,0
166,sittly,Pseudoword,6,6,TRUE,sittly,0
167,slways,Pseudoword,6,6,TRUE,slways,0
168,sosece,Pseudoword,6,6,TRUE,sosece,0
169,speang,Pseudoword,6,6,TRUE,speang,0
170,spened,Pseudoword,6,6,TRUE,spened,0
171,spkicy,Pseudoword,6,6,TRUE,spkicy,0
172,sppern,Pseudoword,6,6,TRUE,sppern,0
173,stases,Pseudoword,6,6,TRUE,stases,0
174,stasod,Pseudoword,6,6,TRUE,stasod,0
175,strkes,Pseudoword,6,6,TRUE,strkes,0
176,stsdle,Pseudoword,6,6,TRUE,stsdle,0
177,sulind,Pseudoword,6,6,TRUE,sulind,0
178,syrias,Pseudoword,6,6,TRUE,syrias,0
179,sysier,Pseudoword,6,6,TRUE,sysier,0
180,taillf,Pseudoword,6,6,TRUE,taillf,0
181,taique,Pseudoword,6,6,TRUE,taique,0
182,tarkes,Pseudoword,6,6,TRUE,tarkes,0
183,tather,Pseudoword,6,6,TRUE,tather,0
184,thagly,Pseudoword,6,6,TRUE,thagly,0
185,thants,Pseudoword,6,6,TRUE,thants,0
186,thavee,Pseudoword,6,6,TRUE,thavee,0
187,thoost,Pseudoword,6,6,TRUE,thoost,0
188,thople,Pseudoword,6,6,TRUE,thople,0
189,thoual,Pseudoword,6,6,TRUE,thoual,0
190,tidece,Pseudoword,6,6,TRUE,tidece,0
191,torkes,Pseudoword,6,6,TRUE,torkes,0
192,trooon,Pseudoword,6,6,TRUE,trooon,0
193,tullor,Pseudoword,6,6,TRUE,tullor,0
194,vabtle,Pseudoword,6,6,TRUE,vabtle,0
195,vecele,Pseudoword,6,6,TRUE,vecele,0
196,wadepe,Pseudoword,6,6,TRUE,wadepe,0
197,wagame,Pseudoword,6,6,TRUE,wagame,0
198,wayice,Pseudoword,6,6,TRUE,wayice,0
199,witlle,Pseudoword,6,6,TRUE,witlle,0
200,wottht,Pseudoword,6,6,TRUE,wottht,0